{
  "itens" : [
    {
      "img": "./img/produtos/calcado1_hover.png",
      "titulo": "Sandália Ferracini Ecologic",
      "descricao" : "<br><strong>Por: R$ 95,92<br>ou até 4x de R$ 23,98</strong>",
      "economize": "Economize: R$ 43,98"
    },
    {
      "img": "./img/produtos/calcado2_hover.png",
       "titulo": "Chinelo Kildare<br>",
      "descricao" : "<strike>De: R$99,90</strike><br><strong>Por: R$ 79,92<br>ou até 3x de R$ 26,64</strong>",
      "economize": "Economize: R$ 19,98"
    },
    {
      "img": "./img/produtos/calcado3_hover.png",
       "titulo": "Tênis Ferracini Week",
      "descricao" : "<strike>De: R$229,90</strike><br><strong>Por: R$ 183,92<br>ou até 9x de R$ 20,43</strong>",
      "economize": "Economize: R$ 45,98"
    },
    {
      "img": "./img/produtos/calcado4_hover.png",
       "titulo": "Tênis Democrata Fan",
      "descricao" : "<strike>De: R$219,90</strike><br><strong>Por: R$ 159,92<br>ou até 7x de R$ 22,84</strong>",
      "economize": "Economize: R$ 59,98"
    }
  ]
}